Brand,Model,Price,Link
Nike,Nike Air Zoom Pegasus 38,"119,99 €",https://www.nike.com/fr/t/chaussure-de-running-air-zoom-pegasus-38-pour-zjCLRs/CW7356-003
Nike,Nike Air Zoom Pegasus 38 FlyEase,"119,99 €",https://www.nike.com/fr/t/chaussure-de-running-air-zoom-pegasus-38-flyease-pour-DHmV0J/DA6674-002
Nike,Nike Air Force 1 LV8,"109,99 €",https://www.nike.com/fr/t/chaussure-air-force-1-lv8-pour-z1jqnt/DJ6887-100
Nike,Nike Blazer Mid '77 Vintage,"99,99 €",https://www.nike.com/fr/t/chaussure-blazer-mid-77-vintage-pour-pMfjs8/BQ6806-100
Nike,Nike Air Max 270,"149,99 €",https://www.nike.com/fr/t/chaussure-air-max-270-pour-wHfTtf/AH8050-100
Nike,Nike Air Max Plus,"169,99 €",https://www.nike.com/fr/t/chaussure-air-max-plus-pour-v371c8/604133-139
Nike,Nike Air Max 97,"179,99 €",https://www.nike.com/fr/t/chaussure-air-max-97-pour-nsRddC/921826-101
Nike,Nike Air Max 90,"139,99 €",https://www.nike.com/fr/t/chaussure-air-max-90-pour-dlXJdc/CN8490-100
Nike,Nike Air Max Plus,"179,99 €",https://www.nike.com/fr/t/chaussure-air-max-plus-pour-Ql6FG0/DJ4956-001
Nike,Nike Air Max SC,"79,99 €",https://www.nike.com/fr/t/chaussure-air-max-sc-pour-qqWL2v/CW4555-103
Nike,Nike Air Max Plus,"169,99 €",https://www.nike.com/fr/t/chaussure-air-max-plus-pour-Z5xGQj/DD7111-002
Nike,Jordan Max Aura 2,"119,99 €",https://www.nike.com/fr/t/chaussure-jordan-max-aura-2-pour-df4XZl/CK6636-060
Nike,Nike Air Max Plus EOI,"179,99 €",https://www.nike.com/fr/t/chaussure-air-max-plus-eoi-pour-7SQL5P/DA5561-001
Nike,Air Jordan 1 Low SE,"119,99 €",https://www.nike.com/fr/t/chaussure-air-jordan-1-low-se-6sg8lR/CK3022-008
Nike,Nike Air Max 90,"149,99 €",https://www.nike.com/fr/t/chaussure-air-max-90-pour-HkN7Qw/DJ4626-001
Nike,Nike Air Force 1 '07,"99,99 €",https://www.nike.com/fr/t/chaussure-air-force-1-07-pour-7Sv3mC/CZ0326-100
Nike,Air Jordan 1 Low,"109,99 €",https://www.nike.com/fr/t/chaussure-air-jordan-1-low-FNs1LD/553558-605
Nike,Air Jordan XXXV,"184,99 €",https://www.nike.com/fr/t/chaussure-de-basketball-air-jordan-xxxv-vKMDjw/CQ4227-100
Nike,Air Jordan 11 CMFT Low,"124,99 €",https://www.nike.com/fr/t/chaussure-air-jordan-11-cmft-low-06fgTx/DM0844-005
Nike,Air Max 90 LTR,"139,99 €",https://www.nike.com/fr/t/chaussure-air-max-90-ltr-pour-Qx4zmB/CZ5594-100
Nike,Nike React Vision,"129,99 €",https://www.nike.com/fr/t/chaussure-react-vision-pour-4cb8Sx/CD4373-101
Nike,Nike Air Max Plus,"169,99 €",https://www.nike.com/fr/t/chaussure-air-max-plus-pour-hwX02W/DD7112-002
Nike,Nike Air Max Plus III,"179,99 €",https://www.nike.com/fr/t/chaussure-air-max-plus-iii-pour-Dxk1gd/DJ4600-001
Nike,Nike Air Max Plus,"169,99 €",https://www.nike.com/fr/t/chaussure-air-max-plus-pour-QZHGx0/DH4100-001
Nike,Nike Air Max 97,"179,99 €",https://www.nike.com/fr/t/chaussure-air-max-97-pour-Kv6B6j/DH4092-001
Nike,Jordan MA2 « Still Loading »,"129,99 €",https://www.nike.com/fr/t/chaussure-jordan-ma2-still-loading-JCCWnC/CV8122-700
Nike,Air Jordan 11 CMFT Low,"124,99 €",https://www.nike.com/fr/t/chaussure-air-jordan-11-cmft-low-pour-X3BzDg/CW0784-001
Nike,Nike Air Zoom Alphafly NEXT%,"299,99 €",https://www.nike.com/fr/t/chaussure-de-course-air-zoom-alphafly-next-pour-KQKNTf/CI9925-800
Nike,Nike ZoomX Vaporfly Next% 2,"249,99 €",https://www.nike.com/fr/t/chaussure-de-course-zoomx-vaporfly-next-2-pour-M1mmgR/CU4111-300
Nike,Nike Air Zoom Alphafly NEXT% Eliud Kipchoge,"309,99 €",https://www.nike.com/fr/t/chaussure-de-course-air-zoom-alphafly-next-eliud-kipchoge-pour-qXhf75/DD8877-101
Nike,Nike Air Zoom Terra Kiger 7,"139,99 €",https://www.nike.com/fr/t/chaussure-de-trail-air-zoom-terra-kiger-7-pour-GB9fWT/CW6062-300
Nike,Nike SuperRep Go 2,"99,99 €",https://www.nike.com/fr/t/chaussure-de-training-superrep-go-2-pour-GVmlFD/CZ0604-707
Nike,Nike ZoomX Invincible Run Flyknit,"179,99 €",https://www.nike.com/fr/t/chaussure-de-running-zoomx-invincible-run-flyknit-pour-lQ6JKM/CT2228-700
Nike,Nike Wildhorse 7,"119,99 €",https://www.nike.com/fr/t/chaussure-de-trail-wildhorse-7-pour-jG4fdL/CZ1856-301
Nike,NikeCourt React Vapor NXT,"179,99 €",https://www.nike.com/fr/t/chaussure-de-tennis-pour-surface-dure-nikecourt-react-vapor-nxt-pour-KkrQ2H/CV0724-101
Nike,Nike Air Max Bolt,"89,99 €",https://www.nike.com/fr/t/chaussure-air-max-bolt-pour-CLD2zs/CU4151-104
Nike,Nike SuperRep Cycle,"119,99 €",https://www.nike.com/fr/t/chaussure-de-velo-en-salle-superrep-cycle-pour-n1C9sL/CW2191-100
Nike,Jordan One Take II,"99,99 €",https://www.nike.com/fr/t/chaussure-de-basketball-jordan-one-take-ii-rHXwwQ/CW2457-102
Nike,Nike Air Zoom SuperRep 2,"119,99 €",https://www.nike.com/fr/t/chaussure-dentrainement-fractionne-haute-intensite-air-zoom-superrep-2-pour-6bZhdT/CU6445-003
Nike,Nike SB Zoom Blazer Mid Premium,"109,99 €",https://www.nike.com/fr/t/chaussure-de-skateboard-sb-zoom-blazer-mid-8WdKdn/DA1839-300
Nike,Nike SB Zoom Blazer Mid Edge,"99,99 €",https://www.nike.com/fr/t/chaussure-de-skateboard-sb-zoom-blazer-mid-edge-jgFdGg/DA2189-800
Nike,Nike Quest 3,"74,99 €",https://www.nike.com/fr/t/chaussure-de-running-quest-3-pour-jQ8mdN/CD0230-001
Nike,Nike Zoom Fly 3,"159,99 €",https://www.nike.com/fr/t/chaussure-de-running-zoom-fly-3-pour-ZzPPcv/AT8240-007
Nike,Nike Mercurial Dream Speed Superfly 8 Elite FG,"289,99 €",https://www.nike.com/fr/t/chaussure-de-football-a-crampons-pour-terrain-sec-mercurial-dream-speed-superfly-8-elite-fg-2DCNRG/CV0959-108
Nike,Nike Mercurial Superfly 8 Elite FG,"269,99 €",https://www.nike.com/fr/t/chaussure-de-football-a-crampons-pour-terrain-sec-mercurial-superfly-8-elite-fg-P7jSrZ/CV0958-600
Nike,Nike Mercurial Vapor 14 Elite FG,"249,99 €",https://www.nike.com/fr/t/chaussure-de-football-a-crampons-pour-terrain-sec-mercurial-vapor-14-elite-fg-s9WGtx/CQ7635-600
Nike,Kyrie 7 « Brooklyn Beats »,"129,99 €",https://www.nike.com/fr/t/chaussure-de-basketball-kyrie-7-brooklyn-beats-WTN4WG/CQ9326-100
Nike,Nike Air Max 90 G,"139,99 €",https://www.nike.com/fr/t/chaussure-de-golf-air-max-90-g-ZPM46D/CU9978-101
Nike,Nike Air Zoom Victory Tour 2,"219,99 €",https://www.nike.com/fr/t/chaussure-de-golf-air-zoom-victory-tour-2-Hjf71L/CW8155-100
Nike,Nike Air Pegasus '83,"99,99 €",https://www.nike.com/fr/launch/r/DJ6892-200
Nike,Nike Space Hippie 01,"129,99 €",https://www.nike.com/fr/launch/r/DJ3056-400
Nike,Nike x sacai VaporWaffle,"179,99 €",https://www.nike.com/fr/launch/r/DD1875-500
Nike,Nike Air Zoom Pegasus 38 By You,"149,99 €",https://www.nike.com/fr/u/custom-nike-air-zoom-pegasus-38-by-you-10001054/2127439030
Nike,Nike Air Max 90 QS Laser,"199,99 €",https://www.nike.com/fr/launch/r/DC7948-100
Nike,Nike Air Pegasus '83,"99,99 €",https://www.nike.com/fr/launch/r/DJ6892-001
Nike,Nike SB Zoom Blazer Mid Premium,"109,99 €",https://www.nike.com/fr/t/chaussure-de-skateboard-sb-zoom-blazer-mid-cS2VGl/DA1839-002
Nike,Nike Air Zoom Victory Tour 2,"219,99 €",https://www.nike.com/fr/t/chaussure-de-golf-air-zoom-victory-tour-2-37VQbP/CW8155-001
Nike,Zion 1,"119,99 €",https://www.nike.com/fr/t/chaussure-de-basketball-zion-1-0GpKf8/DA3130-100
Nike,Nike SB BLZR Court,"64,99 €",https://www.nike.com/fr/t/chaussure-de-skateboard-sb-blzr-court-fdkmCB/CV1658-102
Nike,Air Jordan 11 Low,"179,99 €",https://www.nike.com/fr/launch/r/AV2187-117
Nike,Nike x sacai VaporWaffle,"179,99 €",https://www.nike.com/fr/launch/r/DD1875-200
Nike,Nike Cosmic Unity,"149,99 €",https://www.nike.com/fr/t/chaussure-de-basketball-cosmic-unity-96Zs98/DA6725-800
Nike,Zion 1,"119,99 €",https://www.nike.com/fr/t/chaussure-de-basketball-zion-1-p04544/DA3130-001
Nike,Zion 1,"119,99 €",https://www.nike.com/fr/t/chaussure-de-basketball-zion-1-5dJbsm/DA3130-400
Nike,Zion 1,"119,99 €",https://www.nike.com/fr/t/chaussure-de-basketball-zion-1-kfrCDf/DA3130-002
Nike,Nike Air Force 1 Low,"109,99 €",https://www.nike.com/fr/t/chaussure-air-force-1-low-pour-gvG9vB/DJ6878-100
Nike,Air Jordan 1 Hi FlyEase,"159,99 €",https://www.nike.com/fr/t/chaussure-air-jordan-1-hi-flyease-7J4Sf9/CQ3835-003
Nike,PG 5,"119,99 €",https://www.nike.com/fr/t/chaussure-de-basketball-pg-5-GXgl87/CW3143-101
Nike,Nike Victory G Lite,"79,99 €",https://www.nike.com/fr/t/chaussure-de-golf-victory-g-lite-79kLBt/CW8190-024
Nike,Air Jordan 11 CMFT Low,"124,99 €",https://www.nike.com/fr/t/chaussure-air-jordan-11-cmft-low-pour-9CKFMz/CW0784-104
Nike,Air Jordan 11 CMFT Low,"124,99 €",https://www.nike.com/fr/t/chaussure-air-jordan-11-cmft-low-pour-cX0djk/CW0784-300
Nike,Air Jordan 1 Mid,"119,99 €",https://www.nike.com/fr/t/chaussure-air-jordan-1-mid-bvhNcH/554724-122
Nike,Kyrie Low 4,"114,99 €",https://www.nike.com/fr/t/chaussure-de-basketball-kyrie-low-4-NdjgDs/CW3985-300
Nike,LeBron 18 Low « Summer Refresh »,"159,99 €",https://www.nike.com/fr/t/chaussure-de-basketball-lebron-18-low-summer-refresh-2JvnRW/CV7562-300
Nike,Nike React Vision,"129,99 €",https://www.nike.com/fr/t/chaussure-react-vision-pour-G3qxKX/DM2828-001
Nike,Nike Air Force 1 '07 LV8,"109,99 €",https://www.nike.com/fr/t/chaussure-air-force-1-07-lv8-pour-sl8brn/CZ0339-001
Nike,Nike Blazer Low '77,"89,99 €",https://www.nike.com/fr/t/chaussure-blazer-low-77-pour-MpfFtg/DJ1517-100
Nike,Nike Blazer Mid '77,"99,99 €",https://www.nike.com/fr/t/chaussure-blazer-mid-77-pour-gwZSQK/DC7331-100
Nike,Jordan Delta 2,"129,99 €",https://www.nike.com/fr/t/chaussure-jordan-delta-2-2RmfZW/CV8121-100
Nike,Nike Air Max Plus,"169,99 €",https://www.nike.com/fr/t/chaussure-air-max-plus-pour-J8G4pG/DM2466-001
Nike,Nike Mercurial Superfly 8 Academy IC,"89,99 €",https://www.nike.com/fr/t/chaussure-de-football-en-salle-mercurial-superfly-8-academy-ic-59hWKt/CV0847-107
Nike,Nike Mercurial Superfly 8 Academy TF,"89,99 €",https://www.nike.com/fr/t/chaussure-de-football-pour-surface-synthetique-mercurial-superfly-8-academy-tf-xKczJw/CV0953-107
Nike,Nike Mercurial Vapor 14 Academy IC,"79,99 €",https://www.nike.com/fr/t/chaussure-de-football-en-salle-mercurial-vapor-14-academy-ic-PNLTV4/CV0973-107
Nike,Nike Mercurial Superfly 8 Academy AG,"89,99 €",https://www.nike.com/fr/t/chaussure-de-football-a-crampons-pour-terrain-synthetique-mercurial-superfly-8-academy-ag-bffnNw/CV0842-107
Nike,Air Jordan 1 Mid,"119,99 €",https://www.nike.com/fr/t/chaussure-air-jordan-1-mid-scZZ99/554724-132
Nike,Nike Mercurial Vapor 14 Pro FG,"139,99 €",https://www.nike.com/fr/t/chaussure-de-football-a-crampons-pour-terrain-sec-mercurial-vapor-14-pro-fg-SdpXVz/CU5693-107
Nike,Nike Mercurial Superfly 8 Academy MG,"89,99 €",https://www.nike.com/fr/t/chaussure-de-football-multi-surfaces-a-crampons-mercurial-superfly-8-academy-mg-6rZwRP/CV0843-107
Nike,Nike Mercurial Vapor 14 Academy FG/MG,"79,99 €",https://www.nike.com/fr/t/chaussure-de-football-multi-surfaces-a-crampons-mercurial-vapor-14-academy-fg-mg-LNplqp/CU5691-107
Nike,Nike Mercurial Vapor 14 Academy TF,"79,99 €",https://www.nike.com/fr/t/chaussure-de-football-pour-surface-synthetique-mercurial-vapor-14-academy-tf-Xlwdkd/CV0978-107
Nike,Nike Mercurial Vapor 14 Elite AG,"249,99 €",https://www.nike.com/fr/t/chaussure-de-football-a-crampons-pour-terrain-synthetique-mercurial-vapor-14-elite-ag-33d316/CZ8717-107
Nike,Nike Mercurial Vapor 14 Pro TF,"119,99 €",https://www.nike.com/fr/t/chaussure-de-football-pour-surface-synthetique-mercurial-vapor-14-pro-tf-B8SSW0/CV1001-107
Nike,Nike Air Max 270,"149,99 €",https://www.nike.com/fr/t/chaussure-air-max-270-pour-fFBpMM/DJ5172-100
Nike,Nike SB Dunk High Pro,"119,99 €",https://www.nike.com/fr/launch/r/CZ2232-300
Nike,Nike Air Force 1 '07 LV8,"109,99 €",https://www.nike.com/fr/t/chaussure-air-force-1-07-lv8-pour-qtX6V0/CZ0339-100
Nike,Nike Air VaporMax Evo,"224,99 €",https://www.nike.com/fr/t/chaussure-air-vapormax-evo-pour-rsNf9g/CT2868-100
Nike,Nike Blazer Mid ’77 Vintage By You,"119,99 €",https://www.nike.com/fr/u/custom-nike-blazer-mid-77-vintage-by-you-10001053/7896937130
Nike,Nike Blazer Low ’77 Vintage By You,"109,99 €",https://www.nike.com/fr/u/custom-nike-blazer-low-77-vintage-by-you-10001052/6453285893
Nike,Air Jordan 5 Retro,"189,99 €",https://www.nike.com/fr/launch/r/DD0587-600
Nike,KD14,"149,99 €",https://www.nike.com/fr/t/chaussure-de-basketball-kd14-0lnLWh/CW3935-001
Nike,Air Jordan XXXV Low,"174,99 €",https://www.nike.com/fr/t/chaussure-de-basketball-air-jordan-xxxv-low-mZ6tsl/CW2460-100
Nike,Nike Air Max Genome,"169,99 €",https://www.nike.com/fr/t/chaussure-air-max-genome-pour-BpTHkb/CW1648-004
Nike,Nike Phantom GT Elite 3D AG-Pro,"269,99 €",https://www.nike.com/fr/t/chaussure-de-football-a-crampons-pour-terrain-synthetique-phantom-gt-elite-3d-ag-pro-X11fm1/CZ3455-466
Nike,Nike Phantom GT Academy 3D MG,"84,99 €",https://www.nike.com/fr/t/chaussure-de-football-multi-surfaces-a-crampons-phantom-gt-academy-3d-mg-JMFsvK/CZ3452-467
Nike,Nike Phantom GT Academy Dynamic Fit 3D MG,"94,99 €",https://www.nike.com/fr/t/chaussure-de-football-multi-surfaces-a-crampons-phantom-gt-academy-dynamic-fit-3d-mg-c0TQBp/CZ3450-467
Nike,Nike Air Max 90 G NRG,"159,99 €",https://www.nike.com/fr/t/chaussure-de-golf-air-max-90-g-nrg-LwkJgW/CZ0196-124
Nike,Nike Air Zoom Infinity Tour NRG,"219,99 €",https://www.nike.com/fr/t/chaussure-de-golf-air-zoom-infinity-tour-nrg-mzVjND/DD9596-100
Nike,Nike Metcon 6 AMP,"139,99 €",https://www.nike.com/fr/t/chaussure-de-training-metcon-6-amp-tklZGw/DJ4172-300
Nike,Nike Air Max Plus 3,"179,99 €",https://www.nike.com/fr/t/chaussure-air-max-plus-3-pour-pGZKxw/DM2560-001
Nike,Nike Premier II FG,"99,99 €",https://www.nike.com/fr/t/chaussure-de-football-a-crampons-pour-terrain-sec-premier-ii-fg-lktcj2/917803-010
Nike,Nike Premier II FG,"99,99 €",https://www.nike.com/fr/t/chaussure-de-football-a-crampons-pour-terrain-sec-premier-ii-fg-PRXbS0/917803-001
Nike,Nike Premier II FG,"99,99 €",https://www.nike.com/fr/t/chaussure-de-football-a-crampons-pour-terrain-sec-premier-ii-fg-VB7D1T/917803-161
Nike,NikeCourt Zoom Vapor Cage 4 Rafa,"149,99 €",https://www.nike.com/fr/t/chaussure-de-tennis-pour-terre-battue-nikecourt-zoom-vapor-cage-4-rafa-pour-8hQh8N/DH1312-524
Nike,NikeCourt Zoom Vapor Cage 4 Rafa,"149,99 €",https://www.nike.com/fr/t/chaussure-de-tennis-pour-surface-dure-nikecourt-zoom-vapor-cage-4-rafa-pour-0fw7FS/DD1579-524
Nike,Nike Phantom GT Elite 3D FG,"269,99 €",https://www.nike.com/fr/t/chaussure-de-football-a-crampons-pour-terrain-sec-phantom-gt-elite-3d-fg-gCMKZj/CZ3457-467
Nike,Nike Phantom GT Elite Dynamic Fit 3D FG,"289,99 €",https://www.nike.com/fr/t/chaussure-de-football-a-crampons-pour-terrain-sec-phantom-gt-elite-dynamic-fit-3d-fg-tLKsTZ/CZ3458-467
Nike,Nike Crater Impact,"109,99 €",https://www.nike.com/fr/t/chaussure-crater-impact-pour-0TMtfx/DB2477-100
Nike,Nike Blazer Low X,"94,99 €",https://www.nike.com/fr/t/chaussure-blazer-low-pour-xBBTB0/DA2045-100
Nike,Nike Air Max Plus 3,"179,99 €",https://www.nike.com/fr/t/chaussure-air-max-plus-3-pour-g4TdcF/DJ6877-001
Nike,Nike Premier 2 Sala IC,"79,99 €",https://www.nike.com/fr/t/chaussure-de-football-en-salle-premier-2-sala-ic-WgbNcQ/AV3153-090
Nike,Nike Blazer Mid '77,"99,99 €",https://www.nike.com/fr/t/chaussure-blazer-mid-77-pour-cdjS55/DM2834-100
Nike,Nike Air Max Plus,"169,99 €",https://www.nike.com/fr/t/chaussure-air-max-plus-pour-VthKWC/DJ6876-001
Nike,Nike Court Legacy,"64,99 €",https://www.nike.com/fr/t/chaussure-court-legacy-pour-WFmmrD/CU4150-102
Nike,Nike Air Force 1 LV8,"109,99 €",https://www.nike.com/fr/t/chaussure-air-force-1-lv8-pour-Ptgd5k/DJ6887-001
Nike,Nike Victory G Lite,"79,99 €",https://www.nike.com/fr/t/chaussure-de-golf-victory-g-lite-dvjMNZ/CW8190-324
Nike,NikeCourt Air Zoom Vapor Pro,"119,99 €",https://www.nike.com/fr/t/chaussure-de-tennis-pour-surface-dure-nikecourt-air-zoom-vapor-pro-pour-HMLgVL/CZ0220-124
Nike,Kyrie Low 4,"114,99 €",https://www.nike.com/fr/t/chaussure-de-basketball-kyrie-low-4-CwrX3h/CW3985-001
Nike,NikeCourt Air Zoom Vapor Pro,"119,99 €",https://www.nike.com/fr/t/chaussure-de-tennis-pour-terre-battue-nikecourt-air-zoom-vapor-pro-pour-HJ61Fz/CZ0219-008
Nike,NikeCourt Air Zoom Vapor Pro,"119,99 €",https://www.nike.com/fr/t/chaussure-de-tennis-pour-surface-dure-nikecourt-air-zoom-vapor-pro-pour-117F7j/CZ0220-024
Nike,Nike SB Zoom Stefan Janoski RM,"84,99 €",https://www.nike.com/fr/t/chaussure-de-skateboard-sb-zoom-stefan-janoski-rm-WGlLsN/AQ7475-801
Nike,Nike Air Zoom Tempo NEXT%,"199,99 €",https://www.nike.com/fr/t/chaussure-de-running-air-zoom-tempo-next-pour-6qtL3l/CI9923-300
Nike,Nike Air Zoom Victory Tour 2,"219,99 €",https://www.nike.com/fr/t/chaussure-de-golf-air-zoom-victory-tour-2-7WL53B/CW8155-101
Nike,Nike Savaleos,"119,99 €",https://www.nike.com/fr/t/chaussure-de-renforcement-musculaire-savaleos-3DpVLV/CV5708-007
Nike,Nike SpeedRep,"84,99 €",https://www.nike.com/fr/t/chaussure-de-training-speedrep-pour-MxVQRW/CU3579-101
Nike,Nike Mercurial Vapor 14 Academy SG-Pro AC,"55,47 €",https://www.nike.com/fr/t/chaussure-de-football-a-crampons-pour-terrain-gras-mercurial-vapor-14-academy-sg-pro-ac-7CplXV/CV0976-600
Nike,Nike Metcon 6 AMP,"84,99 €",https://www.nike.com/fr/t/chaussure-de-training-metcon-6-amp-pour-PdFzRR/CT1242-400
Nike,NikeCourt Air Zoom GP Turbo,"84,47 €",https://www.nike.com/fr/t/chaussure-de-tennis-pour-surface-dure-nikecourt-air-zoom-gp-turbo-pour-z7Klxw/CK7513-004
Nike,Nike Air Max 97,"129,99 €",https://www.nike.com/fr/t/chaussure-air-max-97-pour-nC6CHB/DB4611-002
Nike,Nike React Phantom GT Pro TF,"139,99 €",https://www.nike.com/fr/t/chaussure-de-football-pour-surface-synthetique-react-phantom-gt-pro-tf-lXNPZC/CK8468-090
Nike,Nike Tiempo Legend 8 Pro SG,"179,99 €",https://www.nike.com/fr/t/chaussure-de-football-a-crampons-pour-terrain-gras-tiempo-legend-8-pro-sg-0wxchQ/CI1687-060
Nike,Nike React Tiempo Legend 8 Pro IC,"71,47 €",https://www.nike.com/fr/t/chaussure-de-football-en-salle-react-tiempo-legend-8-pro-ic-5Qqgml/AT6134-030
Nike,Nike Mercurial Superfly 7 Elite FG,"109,99 €",https://www.nike.com/fr/t/chaussure-de-football-a-crampons-pour-terrain-sec-mercurial-superfly-7-elite-fg-vxt06S/AQ4174-801
Nike,Jordan Why Not? Zer0.4 « Marathon »,"84,47 €",https://www.nike.com/fr/t/jordan-why-not-chaussure-de-basketball-zer04-marathon-0XD03w/DD4889-006
Nike,Nike Vapor Edge Pro 360 By You,"129,99 €",https://www.nike.com/fr/u/custom-nike-vapor-edge-pro-by-you-10000829/196361774
Nike,Nike Benassi JDI,"109,99 €",https://www.nike.com/fr/t/claquette-benassi-jdi-pour-5kKwjp/343880-403
,,"161,97 €",
,,"269,90 €",
,,"139,99 €",
,,"139,90 €",
,,"20,97 €",
,,"27,99 €",
