Brand,Model,Price
adidas,Yeezy Boost 350 V2 Black Red (2017/2020),€337
Nike,Air Force 1 Low Supreme Black,€135
adidas,Yeezy Boost 350 V2 Carbon,€228
Nike,Blazer Mid 77 Vintage White Black,€83
Jordan,1 Retro High NC to Chi Leather (W),€164
Jordan,1 Retro High Pine Green Black,€190
adidas,Yeezy 500 Utility Black,€265
Jordan,1 Retro High Fearless UNC Chicago,€283
Jordan,1 Retro High Tokyo Bio Hack,€197
adidas,Yeezy Boost 350 V2 Natural,€235
Nike,Air Max 90 Infrared (2020),€98
Jordan,11 Retro Low Concord Bred,€219
Jordan,12 Retro Black University Gold,€190
Nike,Air Max 95 OG Neon (2020),€194
Jordan,11 Retro Playoffs Bred (2019),€281
Jordan,5 Retro Alternate Bel-Air,€182
adidas,Yeezy 700 V3 Arzareth,€278
adidas,Yeezy Boost 350 V2 Desert Sage,€218
Jordan,1 Retro High Satin Snake Chicago (W),€221
Jordan,12 Retro Black Dark Concord,€211
Jordan,5 Retro Top 3,€209
adidas,Yeezy Boost 350 V2 Yecheil (Non-Reflective),€290
Jordan,1 Retro High Shattered Backboard 3.0,€202
Nike,Dunk High Varsity Maize,€160
Nike,Dunk Low SP Syracuse (2020),€383
Jordan,5 Retro Fire Red Silver Tongue (2020),€135
Jordan,12 Retro Indigo,€177
Jordan,1 Retro High CO Japan Neutral Grey (2020),€179
Jordan,3 Retro SE Unite Fire Red,€168
adidas,Yeezy Boost 350 V2 Cream/Triple White,€328
Jordan,4 Retro SE 95 Neon,€202
Jordan,6 Retro DMP (2020),€190
Jordan,4 Retro Bred (2019),€259
Jordan,1 Retro High Black Satin Gym Red,€143
adidas,Yeezy Boost 350 V2 Earth,€254
Nike,Air Max 90 OG Volt (2020),€74
Nike,Air Rubber Dunk Off-White UNC,€281
adidas,Ultra Boost 4.0 Running White,€111
Jordan,1 Retro High Tie Dye (W),€214
adidas,Yeezy 700 V3 Alvah,€309
adidas,Yeezy Boost 350 V2 Black Red (2017/2020),€337
Nike,Air Force 1 Low Supreme Black,€135
adidas,Yeezy Boost 350 V2 Carbon,€228
Nike,Blazer Mid 77 Vintage White Black,€83
Jordan,1 Retro High NC to Chi Leather (W),€164
Jordan,1 Retro High Pine Green Black,€190
adidas,Yeezy 500 Utility Black,€265
Jordan,1 Retro High Fearless UNC Chicago,€283
Jordan,1 Retro High Tokyo Bio Hack,€197
adidas,Yeezy Boost 350 V2 Natural,€235
Nike,Air Max 90 Infrared (2020),€98
Jordan,11 Retro Low Concord Bred,€219
Jordan,12 Retro Black University Gold,€190
Nike,Air Max 95 OG Neon (2020),€194
Jordan,11 Retro Playoffs Bred (2019),€281
Jordan,5 Retro Alternate Bel-Air,€182
adidas,Yeezy 700 V3 Arzareth,€278
adidas,Yeezy Boost 350 V2 Desert Sage,€218
Jordan,1 Retro High Satin Snake Chicago (W),€221
Jordan,12 Retro Black Dark Concord,€211
Jordan,5 Retro Top 3,€209
adidas,Yeezy Boost 350 V2 Yecheil (Non-Reflective),€290
Jordan,1 Retro High Shattered Backboard 3.0,€202
Nike,Dunk High Varsity Maize,€160
Nike,Dunk Low SP Syracuse (2020),€383
Jordan,5 Retro Fire Red Silver Tongue (2020),€135
Jordan,12 Retro Indigo,€177
Jordan,1 Retro High CO Japan Neutral Grey (2020),€179
Jordan,3 Retro SE Unite Fire Red,€168
adidas,Yeezy Boost 350 V2 Cream/Triple White,€328
Jordan,4 Retro SE 95 Neon,€202
Jordan,6 Retro DMP (2020),€190
Jordan,4 Retro Bred (2019),€259
Jordan,1 Retro High Black Satin Gym Red,€143
adidas,Yeezy Boost 350 V2 Earth,€254
Nike,Air Max 90 OG Volt (2020),€74
Nike,Air Rubber Dunk Off-White UNC,€281
adidas,Ultra Boost 4.0 Running White,€111
Jordan,1 Retro High Tie Dye (W),€214
adidas,Yeezy 700 V3 Alvah,€309
Jordan,5 Retro SE Oregon,€202
adidas,Yeezy Boost 350 V2 Yeezreel (Non-Reflective),€227
Nike,Air Force 1 Low Orange Skeleton,€125
Jordan,3 Retro Laser Orange (W),€193
Jordan,6 Retro Black Infrared (2019),€253
Nike,Dunk Low Brazil (2020),€273
Jordan,1 Retro High Satin Black Toe (W),€325
adidas,Yeezy Boost 350 V2 Cloud White (Non-Reflective),€299
adidas,Yeezy Boost 350 V2 Citrin (Non-Reflective),€235
Nike,Dunk High Michigan (2020),€168
Jordan,11 Retro Concord (2018),€355
Jordan,13 Retro Flint (2020),€212
Jordan,6 Retro Hare,€207
adidas,Yeezy Boost 350 V2 Tail Light,€366
Jordan,14 Retro White Hyper Royal,€199
adidas,Yeezy Boost 380 Mist,€188
Jordan,6 Retro Travis Scott,€533
Jordan,1 Retro High Travis Scott,"€1,304"
Jordan,4 Retro Black Cat (2020),€421
Jordan,5 Retro Off-White Black,€555
adidas,Yeezy Boost 700 Wave Runner Solid Grey,€513
Jordan,11 Retro Space Jam (2016),€318
Nike,Dunk Low Off-White University Red,€496
adidas,Yeezy Boost 350 V2 Fade,€257
Jordan,3 Retro UNC (2020),€359
Nike,React Element 87 Anthracite Black,€68
Nike,Dunk Low Co.JP Samba (2020),€190
Jordan,4 Retro What The,€190
adidas,Yeezy Boost 350 V2 Static Black (Reflective),€589
Nike,Air Max 2 Light Atmos,€112
adidas,Yeezy Boost 350 V2 Sesame,€328
Jordan,3 Retro Black Cement (2018),€334
Jordan,1 Mid SE Multi-Color (W),€169
Puma,RS-Dreamer J. Cole Black,€85
Jordan,14 Retro Gym Red Toro,€242
adidas,Yeezy QNTM (Lifestyle Model),€123
adidas,Yeezy Boost 350 V2 Linen,€259
Jordan,1 Retro High Black Crimson Tint,€159
Jordan,13 Retro Flint 2020 (GS),€112
adidas,Yeezy Boost 700 Mauve,€308
adidas,Yeezy Boost 350 V2 Static (Non-Reflective),€345
Nike,SB Dunk Low Travis Scott (Regular Box),"€1,447"
Jordan,4 Retro Fossil (W),€257
Nike,Kobe 4 Protro Undefeated Milwaukee Bucks,€167
adidas,Yeezy Powerphase Calabasas Core Black,€38
Nike,Dunk Low Off-White Pine Green,€484
Nike,Air Max 270 React ENG Travis Scott Cactus Trails,€327
Jordan,1 Retro High UNC Patent (W),€434
Jordan,6 Retro Black Infrared 2019 (GS),€159
Nike,Air Presto Off-White Black (2018),€630
adidas,Yeezy 500 Salt,€265
Jordan,1 Retro High Shadow (2018),€274
Jordan,1 Retro High Off-White University Blue,"€1,528"
adidas,Yeezy Boost 700 Inertia,€379
adidas,Yeezy Boost 700 Analog,€333
adidas,Yeezy Boost 350 V2 Clay,€265
adidas,Yeezy 500 High Slate,€138
adidas,Yeezy Boost 700 V2 Hospital Blue,€354
Jordan,1 Retro Royal (2017),€378
adidas,Yeezy Boost 350 V2 Beluga 2.0,€505
Jordan,12 Retro Fiba (2019),€234
Jordan,4 Retro Travis Scott Cactus Jack,€883
Nike,Air Max 90 Recraft Hyper Grape (W),€80
Jordan,1 Retro High OG Defiant Couture,€173
Nike,SB Dunk Low Raygun Tie-Dye Black,€287
Jordan,11 Retro Legend Blue (2014),€375
adidas,Yeezy Boost 350 V2 Antlia (Non-Reflective),€216
adidas,Yeezy 500 Stone,€249
Nike,LD Waffle Sacai Black Nylon,€202
adidas,Yeezy Boost 700 MNVN Triple Black,€265
adidas,Yeezy Boost 350 V2 Semi Frozen Yellow,€320
adidas,Yeezy Boost 350 V2 Lundmark (Non Reflective),€253
Nike,Air Force 1 Low Travis Scott Cactus Jack,€399
Nike,Dunk Low SP Kentucky (2020),€337
adidas,Yeezy Boost 350 V2 Butter,€278
adidas,Yeezy Boost 350 V2 Blue Tint,€413
Jordan,1 Low Black Toe,€251
Jordan,6 Retro PSG Paris Saint-Germain,€235
Jordan,3 Retro Tinker Hatfield,€232
Nike,Air Max 1/97 Sean Wotherspoon (Extra Lace Set Only),€989
Nike,Air Max 90 Reverse Duck Camo (2020),€109
Nike,SB Dunk Low Safari,€265
Jordan,11 Retro Win Like 96,€262
Jordan,3 Retro Tinker White University Red,€164
Jordan,1 Retro High Spider-Man Origin Story,€505
Jordan,1 Retro High Sports Illustrated (A Star Is Born),€139
Nike,Air Presto Off-White White (2018),€560
Nike,LD Waffle sacai Black,€476
Nike,Kobe 4 Protro Undefeated Phoenix Suns,€198
Jordan,3 Retro Tinker Black Cement Gold,€190
Jordan,3 Retro SE Animal Instinct,€175
Jordan,4 Retro Cool Grey (2019),€211
Jordan,1 Retro High Zoom Fearless,€202
Jordan,1 Retro Low OG SP Travis Scott,€835
Jordan,3 Retro True Blue (2016),€244
Jordan,1 Mid SE Fearless Maison Chateau Rouge,€272
adidas,Yeezy Boost 380 Alien,€317
adidas,Yeezy Boost 350 V2 Sulfur,€249
Jordan,1 Retro High Turbo Green,€295
Jordan,1 Retro High Defiant White Black Gym Red,€169
Nike,LD Waffle sacai Summit White,€351
Nike,Air Max 90 Green Camo,€115
Nike,Dunk Low Off-White University Gold Midnight Navy,€491
Jordan,1 Retro High Neutral Grey Hyper Crimson,€211
Jordan,1 Retro High Rookie of the Year,€215
Nike,Air Max 90 Viotech OG,€92
adidas,Yeezy 700 V3 Azael,€574
Nike,Air Max 90 Mars Landing,€58
Nike,Adapt BB Black Pure Platinum (US Charger),€252
Nike,Air Max 1 Atmos Animal Pack 2.0 (2018 All Black Box),€336
Jordan,4 Retro Winterized Loyal Blue,€240
adidas,Yeezy Boost 700 V2 Geode,€320
adidas,Ultra Boost 1.0 Triple Black,€117
Jordan,5 Retro Michigan (2019),€198
Nike,Zoom Terra Kiger 5 Off-White Black (W),€176
Nike,SB Dunk Low Night of Mischief Halloween,€347
Nike,Air Max 1 Anniversary Red (2017/2018 Restock Pair),€274
Jordan,1 Retro High First Class Flight,€135
Jordan,1 Retro High Bred Toe,€354
Nike,Blazer Mid sacai White Grey,€209
Nike,Air Force 1 Low CLOT Blue Silk,€267
adidas,Yeezy 500 Blush,€293
Jordan,1 Retro High Hyper Royal,€211
Nike,Kobe 4 Protro Undefeated Los Angeles Lakers,€294
Jordan,13 Retro Reverse He Got Game,€214
Jordan,1 Mid SE Fearless Blue the Great,€228
Jordan,1 Retro High Phantom Gym Red,€124
Jordan,1 Low SB UNC,€379
Nike,Dunk Low Viotech (2019),€314
adidas,Yeezy Boost 350 V2 Glow,€479
Jordan,"1 Retro Bred ""Banned"" (2016)",€378
Jordan,1 Retro High Game Royal,€292
Jordan,1 Retro High NRG Patent Gold Toe,€392
Nike,Air Force 1 Low Off-White Black White,€714
adidas,Ultra Boost 4.0 Game of Thrones Targaryen Dragons,€93
adidas,Yeezy 500 Soft Vision,€350
Nike,Air Max 1 London,€182
adidas,NMD Hu Pharrell Solar Pack Mother,€194
Nike,Air Max 97 Neon Seoul,€159
Nike,Zoom Terra Kiger 5 Off-White White (W),€185
Jordan,1 Retro High Black Mushroom (W),€336
Jordan,4 Retro Raptors (2018),€328
Jordan,"1 Retro High ""Not for Resale"" Varsity Red",€723
Nike,SB Dunk High Dog Walker,€421
Nike,Blazer Mid sacai Black Grey,€232
Jordan,4 Retro Flight Nostalgia,€244
Nike,SB Dunk Low Supreme Jewel Swoosh Silver,€240
Jordan,13 Retro He Got Game (2018),€291
Jordan,1 Retro High Homage To Home (Non-numbered),€337
Converse,Chuck Taylor All-Star 70s Hi Off-White,€376
Nike,Air Vapormax Off-White 2018,€589
Nike,Air VaporMax Off-White Black,€446
Jordan,6 Retro Hare (GS),€169
adidas,Yeezy Boost 350 V2 Yeshaya (Non-Reflective),€285
Jordan,1 Retro High Twist (W),€610
Nike,React Element 55 Kendrick Lamar,€143
Jordan,11 Retro UNC Win Like 82,€286
Jordan,1 Mid SE Fearless Edison Chen CLOT,€286
adidas,Yeezy Boost 350 V2 Trfrm,€277
adidas,Yeezy Boost 350 V2 Static Reflective,€337
Nike,SB Dunk Low Parra,€322
Nike,LD Waffle Sacai Blue Multi,€429
Nike,LeBron 7 Fairfax Away (2020),€88
Jordan,1 Retro High Turbo Green (GS),€421
Jordan,1 Retro High Union Los Angeles Black Toe,"€1,050"
Nike,SB Dunk Low Ben-G,€164
Jordan,11 Retro Playoffs (2012),€328
Jordan,1 Mid Fearless Facetasm,€305
Nike,React Presto Undercover Black,€101
Jordan,1 Retro High Gatorade Orange Peel,€211
Jordan,4 Retro Levi's Black (Levi's Tag),€392
adidas,Yeezy Boost 700 V2 Vanta,€429
adidas,Yeezy Boost 700 MNVN Bone,€286
adidas,Yeezy Boost 700 V2 Tephra,€361
adidas,Yeezy Boost 700 Salt,€286
Jordan,9 Retro White Gym Red,€253
Nike,Air Fear Of God Moccasin Black,€85
adidas,Yeezy Powerphase Calabasas Grey,€68
Jordan,1 Low SB QS Lance Mountain Desert Ore,€185
Nike,Daybreak Undercover Blue Jay,€83
Nike,SB Dunk Low Infrared Orange Label,€253
Nike,Classic Cortez Stranger Things Sail Upside Down Pack,€89
Jordan,11 Retro Low Cool Grey,€273
adidas,Yeezy 500 Super Moon Yellow,€252
adidas,Yeezy Boost 350 V2 Synth (Non-Reflective),€261
Nike,Air Max 1 Amsterdam,€247
Jordan,1 Retro Top 3,€504
Jordan,3 Retro International Flight,€236
adidas,Yeezy Boost 700 V2 Static,€595
Nike,Air Mowabb Olivia Kim No Cover (W),€90
Nike,Adapt BB Mag (US Charger),€291
Nike,Air Max 90 Recraft Royal (W),€79
Jordan,1 Retro Shattered Backboard,"€1,177"
adidas,Yeezy Boost 350 V2 Core Black Red,€841
Nike,Air Force 1 Low Travis Scott Sail,€841
Jordan,1 Retro High Off-White Chicago,"€4,205"
Jordan,13 Retro Chinese New Year (2020),€211
Jordan,9 Retro Racer Blue,€205
Jordan,12 Retro Black Game Royal,€248
Jordan,1 Retro High 85 Varsity Red,€450
Nike,Dunk Low Comme des Garcons Print (W),€146
adidas,Solar Hu Glide Human Made White Red,€94
adidas,Yeezy Boost 700 V2 Inertia,€361
Nike,Zoom Fly Off-White Pink,€266
Nike,Air Tailwind 79 Stranger Things Sail Upside Down Pack,€93
Jordan,13 Retro Bred (2017),€211
Jordan,14 Retro Rip Hamilton,€151
Nike,Classic Cortez Stranger Things Independence Day Pack,€121
Jordan,3 Retro JTH Bio Beige,€249
Nike,Air Max 97 Silver Bullet (2016/2017),€347
Jordan,4 Retro Black Cement (2012),€370
Jordan,12 Retro Michigan,€333
Jordan,1 Retro Reverse Shattered Backboard,€833
Nike,Air Max 90 OFF-WHITE,"€1,369"
Jordan,1 Retro Fragment,"€3,364"
adidas,Yeezy Boost 700 Utility Black,€352
adidas,Yeezy Boost 700 Magnet,€437
Nike,SB Dunk High Paul Rodriguez Mexico,€169
Nike,Air Max 90 Recraft Sail,€115
Jordan,1 Mid Patent Black White Gold,€190
Nike,Blazer Mid sacai Snow Beach,€197
Nike,Zoom Fly Off-White Black Silver,€285
Jordan,6 Retro Infrared Black (2014),€286
Jordan,7 Retro Patta Shimmer,€200
Nike,Air Max 1 Tinker Sketch to Shelf,€114
Jordan,1 Retro High Union Los Angeles Blue Toe,"€1,247"
Jordan,1 Retro High Nigel Sylvester,€453
adidas,Yeezy Boost 350 V2 Beluga,€704
Jordan,1 Retro High Clay Green,€463
Jordan,11 Retro Concord (2011),€379
Jordan,6 Retro UNC,€336
Jordan,6 Retro Gatorade Green,€294
Jordan,14 Retro Doernbecher (2019),€269
Jordan,13 Retro Altitude (2017),€251
Jordan,1 Low SB Midnight Navy,€404
adidas,Human Race NMD Pharrell Pale Nude,€281
Jordan,13 Retro Lakers,€169
adidas,NMD HU Pharrell Human Made White Red,€230
adidas,NMD Hu Pharrell Solar Pack Orange,€198
Jordan,1 Mid Alternate Think 16,€127
adidas,Yeezy Boost 350 V2 Flax,€295
Nike,Kyrie 5 Spongebob Squidward,€143
Jordan,11 Retro Heiress Black Stingray (GS),€214
Nike,React Presto Undercover White,€124
Jordan,1 Retro High Yellow Ochre,€493
Nike,Air Max 1 Susan Missing Link,€253
Nike,Air VaporMax 2019 Cactus Plant Flea Market (W),€568
Jordan,1 Retro High Gatorade Blue Lagoon,€270
Nike,Kyrie 2 Low Spongebob Mr Krabs,€177
Jordan,XXXIV Bayou Boys,€222
Jordan,1 Mid White Black Teal Tint (GS),€313
adidas,Ultra Boost 4.0 Game of Thrones White Walkers,€208
Nike,Blazer Mid Stranger Things Independence Day Pack,€66
Jordan,3 Retro Black Cement (2011),€312
Nike,Air Max 1 Anniversary Royal (2017 Restock Pair),€278
Nike,React Presto Undercover Mahogany,€80
Jordan,4 Retro Kaws,"€2,061"
Nike,Kobe 4 Protro Undefeated San Antonio Spurs,€253
Jordan,12 Retro PSNY,€320
Nike,Air Max 1 Anniversary Royal (2017),€274
Converse,Chuck Taylor All-Star 70s Hi Fear of God Black,€174
NikeCraft,Mars Yard Shoe 2.0 Tom Sachs Space Camp,"€4,373"
Jordan,11 Retro Low Snake Navy (2019),€209
Jordan,1 Low Gold Toe,€176
Nike,Air Fear of God 1 Oatmeal,€541
Nike,SB Dunk High Space Jam,€141
Nike,Kobe 5 Protro Chaos,€166
Nike,Air Force 1 Gore-tex High Phantom White,€307
Nike,Air Force 1 Low Retro Ivory Snake,€163
Nike,Kyrie 5 Spongebob Patrick,€211
Nike,Air Force 1 Low Off-White Volt,€774
Nike,PG 2.5 Playstation Wolf Grey,€176
Nike,PG 3 NASA,€122
Nike,Air Force 1 Low NYC City of Athletes,€283
adidas,Yeezy Boost 350 V2 Hyperspace,€335
adidas,Superstar Jonah Hill,€66
Jordan,1 Retro High Satin Shattered Backboard (W),€530
Jordan,10 Retro Drake OVO Black,€265
Jordan,3 Retro White Cement ('88 Dunk Contest 2013),€528
adidas,Ultra Boost 4.0 Triple Black,€124
Jordan,4 Retro Kaws Black,"€1,178"
Nike,Air Presto Off-White,"€1,935"
adidas,Yeezy Boost 750 Light Brown Gum (Chocolate),€545
Nike,React Element 87 Sail Light Bone,€295
adidas,NMD XR1 OG Black,€170
Nike,Air Fear Of God 1 Orange Pulse,€505
Jordan,13 Retro He Got Game 2018 (GS),€207
Jordan,1 Retro High Gold Top 3,€527
Jordan,2 Retro Just Don Beach,€547
Jordan,2 Retro Just Don Blue,€618
adidas,Ultra Boost Mid Run Thru Time,€92
Nike,LeBron 15 Ghost,€294
Nike,Kobe 10 Elite HTM Shark Jaw,€420
Jordan,4 Retro Olivia Kim No Cover (W),€317
Nike,Daybreak Undercover Black,€84
Nike,Air Force 1 Low Day of the Dead (2019),€158
Jordan,6 Retro Gatorade Like Mike White,€218
Nike,Air Force 1 Low Olivia Kim No Cover (W),€80
Nike,Air Max 97 Shanghai Kaleidoscope,€270
Jordan,6 Retro Aleali May (W),€377
Nike,LeBron 16 Watch the Throne,€230
Nike,Tailwind 79 Stranger Things Independence Day Pack,€133
Jordan,1 Retro High Track Red,€461
Jordan,1 Retro High Gatorade Cyber,€232
Nike,Air Max 97 Have a Nike Day,€254
adidas,NMD R1 Japan Triple Black,€242
Nike,Air Force 1 High Emotionally Unavailable,€117
Nike,SB Dunk Low Concepts Purple Lobster,€799
adidas,Pharrell Tennis Hu Human Made White Red,€88
Jordan,10 Retro Drake OVO White,€383
adidas,Yeezy Powerphase Calabasas Core White,€249
adidas,Ultra Boost 4.0 Game of Thrones House Stark,€130
adidas,Human Race NMD Pharrell Multi-Color,€188
Nike,Air Max 95 Atmos Animal Pack 2.0 (2018 All Black Box),€310
Jordan,1 Retro Low Slip Chicago (W),€146
Nike,Air Max 1 Atmos Elephant (2017),€673
adidas,Ultra Boost Lux Sneakersnstuff x Social Status Vintage White,€101
Nike,Air Max 97 Off-White,€839
Nike,Air Max 97 Ultra 17 Skepta,€240
adidas,Yeezy Boost 750 Light Grey Glow In the Dark,€738
adidas,Human Race NMD Pharrell Oreo,€286
Nike,Air VaporMax Off-White,€947
Jordan,1 Mid Patent Black White Gold (GS),€253
Nike,Kyrie 4 Lucky Charms,€177
adidas,Yeezy Boost 350 Turtledove,"€1,369"
Nike,Zoom Rookie Galaxy (2019),€236
Nike,Kyrie 4 Confetti,€353
adidas,Yeezy Boost 350 Moonrock,€719
Nike,Air Max 97 Country Camo (USA),€147
Jordan,4 Retro Levi's White (Levi's Tag),€589
Jordan,12 Retro OVO White,€756
Nike,React Element 87 Desert Sand,€129
Nike,Zoom Fly Off-White,€605
Nike,Air Max 97 Cristiano Ronaldo Portugal Patchwork,€190
Nike,React Element 87 Dark Grey Photo Blue,€80
Nike,Air Zoom Generation Black White Retro,€155
Nike,"Air More Uptempo Supreme ""Suptempo"" Gold",€383
Nike,"Air More Uptempo Supreme ""Suptempo"" Red",€831
adidas,NMD R1 Bape Black Camo,€232
Nike,Air Max 97 Country Camo (UK),€97
Nike,Air Max 98 Supreme Black,€319
adidas,Ultra Boost 4.0 Chinese New Year (2018),€141
Nike,LeBron 8 South Beach (Pre-Heat),€631
adidas,NMD R1 Bape Olive Camo,€472
Nike,Air Presto Acronym Volt,€354
Jordan,12 Retro PSNY Olive,€462
Vans,Sk8-Hi Odd Future Donut,€252
Nike,LeBron 15 Lifestyle KITH Stained Glass,€596
adidas,Ultra Boost 1.0 SNS Tee Time,€606
adidas,Nemeziz Tango 17 Ultra Boost Triple Black,€156
Jordan,8 Retro White Aqua (W) (2007),€211
Nike,Air Foamposite One Supreme Red,€862
Diadora,"N9000 Packer Shoes x Raekwon ""Purple Tape""",€421
Nike,MAG Back to the Future (2011),"€12,614"
Vans,Era 95 Fear of God,€925
Jordan,12 Retro PSNY Wheat,€388
Vans,Sk8-Hi Fear of God,€316
Nike,KD 4 Weatherman,€799
Nike,"Air Max 1 NL SP Clot ""Kiss of Death"" (2006)","€1,325"
Nike,Air Zoom Generation Wheat (All-Star),€253
Nike,MAG Back to the Future (2016),"€52,500"
Nike,Air Yeezy 1 Blink,"€4,037"
Nike,Air Max 1 B Atmos Viotech,"€2,523"
Vans,"Chukka Boot LX Kaws ""The Simpsons"" (2007)","€21,023"
Jordan,1 Low Sail University Gold Black,€168
Nike,Air Force 1 Low Clot Rose Gold Silk (Regular Box),€412
Nike,Kyrie 6 Concepts Khepri (Regular Box),€136
Jordan,Delta SP Sail,€108
adidas,NMD Hu Pharrell Solar Pack Red,€236
Jordan,1 Retro High Blue Moon,€488
Nike,SB Blazer Mid Soulland FRI.day 03,€198
Jordan,1 Mid SE Lakers,€249
Nike,LeBron 16 Low Atmos Safari,€168
Nike,Air Fear Of God 1 Black,€698
Jordan,3 Retro Quai54 (2018),€248
Nike,Air Max 1 Anniversary Obsidian,€306
Nike,Air Max 90 Undefeated White Optic Yellow,€137
Jordan,New Beginnings Pack Retro High 1 & Nike Air Ship,"€1,598"
Nike,Air Force 1 Low Roc-A-Fella (AF100),€273
Vans,Old Skool David Bowie Aladdin Sane,€77
adidas,NMD R1 Japan Triple White,€190
adidas,Human Race NMD Pharrell Sun Glow,€253
Jordan,1 Retro High Camo 3M Shadow,€320
Jordan,1 Mid Pine Green (GS),€370
Nike,Air Max 1 Master,€386
Puma,Bow Slide Rihanna Fenty Olive (W),€67
Jordan,12 Retro OVO Black,€434
Nike,Kobe 6 Grinch (2010),€505
adidas,Ultra Boost 1.0 SNS X Social Status,€151
Nike,"Air More Uptempo Supreme ""Suptempo"" Black",€463
adidas,4D Runner Pharrell Tech Olive,€122
Jordan,1 Retro High Homage To Home Chicago (Numbered),€690
Nike,Air Fear Of God 1 Frosted Spruce,€693
Jordan,1 Retro Shadow (2013),€379
Nike,Air Max 97 Country Camo (Italy),€71
Nike,Air Force 1 Low Travis Scott (AF100),"€1,178"
Nike,Air Max 1 Anniversary Red (2017),€309
Nike,Air Max 97 Country Camo (Germany),€115
adidas,Ultra Boost Mid Ronnie Fieg,€182
Jordan,8 Retro Doernbecher,€808
adidas,Ultra Boost Mid Kith x Nonnative,€168
Nike,Dunk SB Low Stussy Cherry,"€2,061"
Nike,"Dunk SB Low Diamond Supply Co. ""Tiffany""","€2,358"
Nike,Air Max 97 Country Camo (France),€95
adidas,Superstar Lunar New Year (2020),€79
Jordan,10 Retro Doernbecher,€244
Nike,LeBron 4 Graffiti NYC,€505
Nike,Air Force 1 Low 3x1 Denim Raw Indigo,€136
adidas,NMD R1 Neighborhood x Invincible,€233
adidas,Tennis HU Pharrell Multi-Color,€99
Jordan,4 Retro White Laser,€375
Jordan,1 Retro Black Royal Blue (2001),€567
adidas,NMD HU Pharrell Human Race Scarlet,€613
Jordan,4 Retro Doernbecher,"€1,954"
Nike,Air VaporMax Clot Bright Crimson,€308
Nike,Air Presto Acronym Olive,€529
Nike,Dunk SB Low Blue Lobster,"€1,682"
Nike,Air Max Lunar90 SP Moon Landing,€460
Jordan,3 Retro Doernbecher (2013),€504
Jordan,4 Retro Cool Grey (2004),€286
Puma,Disc Blaze Bape Camo Green,€235
adidas,Yeezy Boost 750 OG Light Brown,"€1,674"
Air,Ship New Beginnings,€968
adidas,NMD HU Pharrell Human Race Yellow,"€1,052"
adidas,NMD R1 Nice Kicks,€417
adidas,NMD R1 Pharrell HU Hue Man Tangerine,€430
Nike,Air Presto Acronym Bamboo,€450
Jordan,5 Retro Doernbecher,€694
Jordan,1 Retro High Camo 3M Bred,€420
Jordan,11 Retro Concord DMP (2006),€505
ASICS,Gel-Lyte III Ronnie Fieg Militia (Special Box),€337
Nike,Air VaporMax Oreo,€253
Nike,LeBron 15 Performance KITH Rose Gold,€518
adidas,NMD R1 Grey Camo,€164
Jordan,12 Retro PSNY Bordeaux,€504
Nike,Dunk SB Low What the Dunk,"€8,765"
Nike,Dunk SB Low Supreme Red Cement (2012),"€1,935"
adidas,Y-3 Pureboost White Black,€228
Nike,LeBron 15 Lifestyle KITH Concrete,€294
Saucony,"Shadow 5000 END ""Burger""",€265
Jordan,"1 Retro Satin ""Royal""","€1,514"
Nike,Air Foamposite One Supreme Black,€841
Jordan,7 Retro Premio Bin 23,€754
Nike,Flyknit Trainer Multi-Color,€190
Nike,Air Yeezy 2 Red October,"€8,830"
ASICS,Gel-Lyte III Ronnie Fieg Super Green,€588
Nike,Air Yeezy 2 Pure Platinum,"€4,810"
New,Balance 997.5 Phantaci,€337
Jordan,13 Retro Ray Allen PE,"€1,514"
Nike,Air Yeezy 2 Solar Red,"€5,466"
Jordan,1 Retro High New Beginnings,"€1,228"
Nike,LeBron 8 V/2 Low Solar Red,€337
Nike,Air Foamposite One ParaNorman,"€4,102"
Jordan,2 Retro Doernbecher Peacock,€644
adidas,Ultra Boost 1.0 Wood Wood Black,€407
Jordan,13 Retro Premio Bin 23,"€1,248"
ACE,16 PureControl Ultra Boost Kith Flamingos,€190
ASICS,"Gel-Lyte III Ronnie Fieg ""Homage"" (Special Box)",€631
adidas,"ZX 5000 UNDFTD x Bape ""Camo""",€420
Nike,HyperAdapt 1.0 Black (1st Release Pair Special Box),€547
Jordan,4 Retro Black Laser,€837
Jordan,13 OG Flint (1997),€337
Nike,LeBron 7 Christ the King (CTK),€547
Jordan,1 Retro Black Metallic Gold (2013),"€1,918"
adidas,Copa Mundial 17 Ultra Boost Kith Cobras,€231
adidas,ZX Flux Clot RWB,€211
ASICS,"Gel-Lyte III Afew ""Koi"" (Regular Box)",€839
Nike,Air Force 1 Low VLONE (2017),"€4,625"
Vans,Authentic Supreme Black Checker Logo,"€1,048"
Jordan,23 Titanium,"€1,135"
Jordan,"1 Retro Satin ""Banned""","€2,691"
Nike,Air Yeezy 1 Zen Grey,"€2,835"
Nike,Flyknit Lunar1+ Supreme Black,"€1,010"
adidas,Human Race NMD Pharrell x Chanel,"€4,775"
adidas,Ultra Boost Uncaged Hypebeast,€455
ASICS,"Gel-Lyte III Ronnie Fieg ""Flamingo""",€644
Diadora,Intrepid Kith From Seoul To Rio,€389
Nike,LeBron X Celebration Pack,"€2,019"
Nike,SB Blazer Supreme Black (2006),"€1,850"
Nike,Dunk SB Low Supreme Black Cement (2002),"€5,046"
Nike,Air Max 1 Patta 5th Anniv Green,"€2,120"
Nike,KD 4 Nerf,"€1,682"
Nike,Dunk High Pro SB Supreme Blue Stars,"€5,382"
Jordan,4 Retro Eminem Carhartt,"€16,818"
Vans,Style 36 Blends Bones,€379
Jordan,23 Finale,"€1,345"
adidas,NMD HU Pharrell Y.O.U. N.E.R.D.,"€1,346"
Vans,Sk8-Hi Supreme Black Checker Logo,€442
Jordan,7 Retro Miro,"€1,325"
adidas,NMD R1 Friends and Family Pitch Black,€951
Jordan,1 OG Chicago (1985),"€16,818"
Nike,Dunk SB Low Staple NYC Pigeon,"€37,841"
Nike,Air Max 1 112 Pack,€757
Vans,Authentic Supreme Blue Checker Logo,€663
Nike,Dunk High Pro SB Supreme Red Stars,"€4,909"
Nike,Dunk SB Low Supreme White Cement (2002),"€6,481"
adidas,Futurecraft MFG Made For Germany,€221
Diadora,"N9000 LimitEDition ""Castellers""",€566
Nike,Air Max 1 Animal Pack,"€1,766"
Jordan,4 Retro Oregon Ducks,"€8,409"
Nike,"Air Max 1 Parra Patta ""Cherrywood""","€5,214"
New,"Balance 999 Concepts ""The Kennedy""",€619
Fear,Of God Military Sneaker Canapa,"€1,615"
A,Bathing Ape Bapesta Ronnie Fieg Fiegsta Sand,€673
Nike,Air Max 95 Stash,€588
Reebok,Instapump Fury CNCPTS Versace,€678
adidas,NMD R1 Pharrell HU Friends and Family Burgundy,"€2,944"
Jordan,2 Retro Eminem (The Way I Am),"€2,775"
Nike,Air Tech Challenge II Wimbledon (2013),€467
Reebok,Instapump Fury Aape By a Bathing Ape,€373
Nike,Air Max 1 Kid Robot (2005),"€21,023"
Nike,Dunk SB Low Paris,"€70,079"
ASICS,"Gel-Lyte III Woei ""Cervidae""",€673
Vans,Sk8-Hi Supreme Public Enemy Black White,€747
adidas,3D Runner Black,"€2,694"
Jordan,10 OG Sacramento Kings,€421
Louis,Vuitton Jaspers Kanye Patchwork Grey/Pink,"€6,181"
ASICS,"Gel-Lyte III Ronnie Fieg ""Salmon Toes""",€841
adidas,NMD R1 Primeknit Friends and Family,"€1,050"
Nike,"Air Max 90 Patta ""Homegrown Grass""","€1,363"
New,Balance 1500 Hanon Chosen Few,€573
ASICS,"Gel-Lyte III Ronnie Fieg ""Leatherbacks""",€496
Nike,Dunk SB Low Yellow Lobster,"€29,432"
adidas,NMD R1 NYC Red Apple,"€1,010"
Jordan,3 Retro Oregon Ducks Pit Crew Black,"€3,532"
A,Bathing Ape Bapesta Kanye West College Dropout,"€6,181"
Fear,Of God Military Sneaker Kith Blue,"€1,691"
Nike,Air Max 90 Warhawk,"€6,549"
ASICS,"Gel-Lyte III Hanon ""Wildcats""","€1,373"
ASICS,"Gel-Lyte III Ronnie Fieg ""Mint Leaf""",€673
Jordan,1 Retro High OG Spike Lee Fort Greene,"€33,636"
Nike,LeBron 4 Fruity Pebbles,"€5,466"
Louis,Vuitton Don Kanye Red,"€4,205"
ASICS,"GT-II Ronnie Fieg ""High Risk""",€295
Nike,Air Max 1 AMS Parra Amsterdam,"€3,364"
ASICS,"Gel-Lyte III Ronnie Fieg ""Cove""","€3,532"
Jordan,5 Retro Raging Bulls Red (2021),€249
Jordan,1 Retro High White University Blue Black,€295
Jordan,6 Retro Carmine (2021),€198
adidas,Yeezy 700 V3 Kyanite,€197
Jordan,5 Retro White Stealth (2021),€185
Nike,Air Max 1 Clot Kiss of Death (2021),€154
Jordan,12 Retro Low Easter (2021),€186
adidas,Yeezy Boost 350 V2 Ash Pearl,€209
Nike,Air Force 1 Low White '07,€84
Nike,Air Max 90 NRG Bacon (2021),€156
adidas,Yeezy Foam RNNR Sand,€258
Jordan,1 Mid SE All-Star Carbon Fiber (2021) (GS),€133
Nike,Dunk Low Retro White Black (2021),€231
Jordan,1 Mid Paint Drip (GS),€117
Nike,SB Dunk Low Wasted Youth,€333
Nike,Dunk Low Retro Hyper Cobalt (2021),€135
Nike,Air Force 1 Low Supreme White,€146
Jordan,9 Retro Change The World (W),€195
adidas,Yeezy Foam RNNR MXT Moon Gray,€241
Nike,Dunk High Syracuse (2021),€166
Jordan,1 Retro High White University Blue Black (GS),€299
Jordan,3 Retro Georgetown (2021),€193
Jordan,5 Retro Raging Bulls Red 2021 (GS),€176
Jordan,1 Mid Carbon Fiber All-Star (2021),€127
Jordan,1 Low Paint Drip (GS),€154
adidas,Forum Low Bad Bunny Pink Easter Egg,€450
Jordan,1 Retro High Patina Rust Shadow,€181
Nike,Dunk Low Orange Pearl (W),€196
Jordan,11 Retro Jubilee 25th Anniversary,€193
Jordan,1 Retro High OG University Blue (PS),€80
Jordan,1 Retro High Silver Toe (W),€207
Nike,Dunk Low White Black (2021) (W),€233
Jordan,1 Mid Banned (2020),€88
Jordan,1 Retro High University Blue (TD),€90
Crocs,Classic Clog Justin Bieber with drew house 2 Lavender,€43
Jordan,12 Retro Arctic Punch (GS),€130
Nike,Dunk Low Retro Medium Grey Varsity Red UNLV (2021),€167
adidas,Yeezy Boost 700 V2 Cream,€281
Nike,Dunk Low College Navy Grey (W),€169
adidas,Yeezy Boost 350 V2 Zyon,€209
Jordan,6 Retro Carmine 2021 (GS),€121
Jordan,1 Mid Purple Aqua (GS),€122
Jordan,1 Retro High Dark Mocha,€291
Jordan,4 Retro Fire Red (2020),€235
adidas,Ultra Boost DNA Lego,€220
Jordan,3 Retro Cool Grey (2021),€180
Jordan,1 Low Purple Magenta (W),€122
Jordan,1 Retro High OG Hyper Royal,€406
adidas,Yeezy Desert Boot Taupe Blue,€218
Nike,Dunk Low Medium Curry,€312
Jordan,1 High Zoom CMFT Stadium Green,€152
Jordan,1 Retro High White Black Volt University Gold,€160
Nike,Dunk High Retro White Vast Grey (2021),€159
Jordan,4 Retro Taupe Haze,€278
Jordan,1 Mid Hyper Royal Tumbled Leather,€109
Nike,Dunk High Syracuse (W) (2021),€150
Jordan,1 Mid Banned 2020 (GS),€82
Jordan,5 Retro White Stealth 2021 (GS),€134
Nike,SB Dunk Low Club 58 Gulf,€234
Jordan,1 Mid Gym Red Black White,€117
adidas,Yeezy Boost 350 V2 Zebra,€328
Jordan,1 Mid Signal Blue,€122
Jordan,1 Retro High Lucky Green (W),€223
Nike,Dunk High SE All-Star (2021),€127
adidas,Yeezy Boost 350 V2 Ash Blue,€224
Converse,Chuck Taylor All-Star 70 Kim Jones Black,€154
Nike,Air Structure OG White Neo Teal,€122
Jordan,1 Retro High Black Metallic Gold (2020),€168
Jordan,1 Low Light Smoke Grey,€104
Nike,Dunk Low Coast (W),€278
Nike,Air VaporMax Plus Triple Black,€159
Jordan,1 Mid SE Purple,€100
Nike,SB Dunk Low Pink Pig,€193
Jordan,1 Mid University Gold,€101
Jordan,1 Low Court Purple White,€95
Jordan,9 Retro Dark Charcoal University Gold,€210
adidas,Yeezy Boost 350 V2 Sand Taupe,€207
Jordan,1 Mid Black Chile Red White,€114
Jordan,1 Mid Hyper Royal (GS),€83
adidas,Yeezy Boost 350 V2 Ash Stone,€245
Nike,Dunk High Sail Football Grey (W),€156
Nike,Air Force 1 Low Rose White,€112
adidas,Yeezy Boost 380 Covellite,€170
Jordan,1 Low SE Arctic Punch,€114
Jordan,1 Mid Triple White (GS),€90
Nike,Air Max Pre-Day Light Liquid Lime,€130
Jordan,1 Zoom Air CMFT PSG Paris Saint-Germain,€189
adidas,Yeezy 450 Cloud White,€366
Jordan,3 Retro Georgetown 2021 (GS),€112
Jordan,1 Mid Peach Mocha (W),€118
Nike,Air Max 1 Evolution Of Icons,€160
Jordan,1 Mid Dutch Green (W),€134
Jordan,1 Mid Chicago Toe,€167
adidas,Yeezy 700 V3 Clay Brown,€211
Nike,Dunk Low Retro White Black (GS),€235
Jordan,11 Retro Jubilee (GS),€131
Jordan,13 Retro Starfish,€164
Jordan,1 Mid University Gold (GS),€95
Jordan,1 Low Reverse Bred,€90
adidas,Yeezy Boost 350 V2 Israfil,€221
Jordan,5 Retro What The,€182
Jordan,1 Retro High Light Smoke Grey,€196
Converse,Chuck Taylor All-Star 70 Kim Jones Natural,€150
Jordan,1 Mid Triple White 2.0 (2020),€105
Nike,Air Force 1 '07 Black/Black,€85
Nike,Air Max Tailwind V Skepta,€184
Jordan,3 Retro Varsity Royal Cement,€185
adidas,Yeezy Boost 350 V2 Cinder,€318
Jordan,1 Mid Paint Drip (PS),€63
Jordan,1 Retro High Royal Toe,€176
Jordan,1 Retro High Court Purple White,€148
Nike,Air Force 1 Low White 2014 (GS),€58
Nike,Air Vapormax EVO NRG Air Max Day Mashup (2021),€181
Jordan,1 Mid Canyon Rust (W),€117
Jordan,1 Mid Purple Aqua,€156
Jordan,1 Mid White Black Chile Red (GS),€96
Nike,Air Force 1 Low Popcorn,€133
Jordan,4 Retro Taupe Haze (GS),€194
Jordan,13 Retro Black Hyper Royal,€194
Jordan,1 Low SE All-Star (2021),€93
Nike,Air Force 1 Low White Gum,€90
Nike,Kobe 6 Protro Challenge Red,€163
Nike,Dunk Low Retro Medium Grey Varsity Red UNLV (GS) (2021),€152
Nike,Dunk High SP Syracuse (GS) (2021),€131
Jordan,1 Low SE Black Metallic Silver (W),€102
Jordan,1 Mid Chicago (2020),€154
Jordan,1 Low Canyon Rust (W),€134
Jordan,1 Mid White Shadow,€108
Nike,Blazer Mid 77 White Black (W),€74
Jordan,1 Low PRM Smoke Grey Elephant,€185
Jordan,1 Mid Apricot Orange (W),€164
Nike,Air Max 97 Triple White Wolf Grey,€133
Nike,Air Tuned Max Celery,€160
Jordan,12 Retro Reverse Flu Game,€181
Nike,Air Max 95 NRG LeBron Lakers,€181
Jordan,5 Retro OFF-WHITE Sail,€370
Jordan,5 Retro Anthracite,€225
Jordan,9 Retro Dark Charcoal University Gold (GS),€133
Nike,Dunk Low Retro Hyper Cobalt (GS),€108
Jordan,1 Low Reverse Bred (GS),€71
Nike,SB Dunk Low Court Purple,€207
Nike,Air Force 1 Low White 2018 (W),€59
adidas,Yeezy Boost 700 Bright Blue,€374
Jordan,1 Low University Blue Black,€110
Converse,Run Star Hike Hi Black White Gum,€90
Nike,Air Force 1 07 QS Valentine's Day Love Letter,€146
Nike,Air Force 1 Low Triple Red,€94
Nike,Air Force 1 Low Valentines Day (2021),€126
Nike,Air More Uptempo Rayguns,€155
New,Balance 1300 Aime Leon Dore Green,€145
Nike,Air Max 90 Valentines Day (2021) (W),€126
Nike,Air Max 95 NYC Taxi,€163
Jordan,1 Mid SE Turf Orange,€109
Nike,Air Force 1 Sage Low Triple White (W),€63
Nike,Air VaporMax Flyknit 3.0 Triple Black,€155
Nike,Overbreak SP Undercover Sail,€160
Reebok,Pump Omni Zone II Dee Brown (2021,€118
Jordan,1 Low Game Royal,€111
Nike,Dunk Low SP City Market,€270
Nike,Overbreak SP Undercover Black,€152
adidas,NMD Hu Pharrell Pink,€185
Jordan,1 Mid Chicago Black Toe (GS),€133
Nike,Dunk Low Free 99 Black,€198
Jordan,5 Retro Alternate Grape,€197
Jordan,1 Retro High COJP Midnight Navy (2020),€177
Nike,Air Foamposite Pro Volt (2021),€211
Jordan,1 Mid White Shadow (GS),€167
Nike,Air Force 1 Low Stussy Black,€131
Jordan,1 Retro High 85 Neutral Grey,€281
Nike,Air Max 97 Black White Anthricite,€136
Jordan,1 Mid Gym Red Black (W),€112
Nike,SB Dunk Low VX1000,€408
New,Balance 1300 Aime Leon Dore Pink,€135
adidas,Yeezy Boost 350 V2 Black (Non-Reflective),€351
Jordan,4 Retro Off-White Sail (W),"€1,017"
Jordan,1 Retro High Tokyo Bio Hack (GS),€181
Jordan,1 Retro High J Balvin,€375
Jordan,1 Low Triple White Tumbled Leather,€102
Jordan,1 Low Black Blue White,€131
Jordan,1 Retro High Silver Toe (PS),€76
Nike,Kobe 6 Protro Grinch (2020),€179
Converse,Chuck Taylor All-Star 70s Hi Comme des Garcons PLAY Black,€122
Jordan,1 Mid SE Black Dark Beetroot (W),€189
Nike,Air VaporMax Plus White,€150
Nike,Waffle Racer Off-White Black (W),€125
Nike,Air More Uptempo Black White (2016/2020),€149
Jordan,4 Retro Fire Red 2020 (GS),€173
Nike,Dunk Low Retro White Black (PS),€62
New,Balance 550 White Grey,€142
Jordan,5 Retro White Stealth 2021 (TD),€85
Crocs,Classic Clog Bieber with drew house,€59
Jordan,1 Mid Barely Orange (W),€174
Nike,Air VaporMax Flyknit 3 Oreo,€109
Nike,Dunk High Sail Team Red (W),€144
adidas,Yeezy 700 V3 Safflower,€277
Nike,SB Dunk High Carpet Company,€408
Jordan,1 Mid Signal Blue (GS),€122
Jordan,3 Retro Cool Grey 2021 (GS),€124
Nike,Dunk High PRM Dark Russet,€135
Jordan,1 Low Reverse Bred Pebbled Swoosh,€77
Nike,Air VaporMax Flyknit 3 White Pure Platinum,€121
Nike,Air Max 90 Laser Blue (2020),€68
Jordan,MA2 Future Beginnings,€130
adidas,Yeezy Boost 380 Pepper,€173
Nike,Dunk Low Green Strike (W),€143
adidas,Yeezy Boost 380 Onyx,€201
Jordan,1 Retro High White Black Volt University Gold (GS),€135
Jordan,1 Mid Light Smoke Grey,€206
Jordan,1 Mid Chicago 2020 (GS),€135
adidas,Yeezy Boost 380 Calcite Glow,€215
Jordan,1 Mid SE Union Royal,€133
Nike,Air Max 1 Strawberry Lemonade (2020),€98
Jordan,1 Retro High Dark Mocha (GS),€371
Nike,Dunk Low Disrupt Pale Ivory Black (W),€163
Jordan,1 Mid Metallic Gold Black White (GS),€97
Jordan,1 High Zoom Air CMFT London,€182
Nike,Air Force 1 Low St Patricks Day (2021),€116
Nike,Free Run Trail Neutral Grey Summit White,€113
Jordan,13 Retro White Lucky Green,€159
Nike,Dunk High Vast Grey (GS),€130
Nike,Dunk Low Retro White Black (TD),€57
Jordan,3 Retro Fragment,€236
Jordan,1 Retro High Obsidian UNC,€185
Jordan,1 Mid Metallic Gold Black White,€98
Jordan,4 Retro Starfish (W),€146
Nike,Air Max Plus Triple Black,€115
Nike,Air VaporMax Plus City Special Atlanta,€204
Jordan,4 Retro Union Off Noir,€492
Nike,Blazer Mid READYMADE Black,€215
Nike,Dunk Low Disrupt Summit White Ghost (W),€146
Jordan,4 Retro PSG Paris Saint-Germain,€253
adidas,Superstar Sean Wotherspoon Superearth,€120
Nike,SB Dunk Low Street Hawker (2021),€442
Jordan,1 Retro High Silver Toe (TD),€74
Nike,Air Max Plus City Special ATL (W),€168
Jordan,1 Low White Camo,€131
Converse,Chuck Taylor All-Star 70s Hi Comme des Garcons PLAY White,€118
Jordan,3 Retro Black Court Purple,€170
Jordan,11 Retro Jubilee (W),€175
Jordan,1 High Zoom Air CMFT Canyon Rust (W),€196
Jordan,1 Mid SE South Beach,€103
Nike,Air VaporMax 2020 Flyknit Black Dark Grey,€134
Nike,Blazer Mid 77 Popcorn,€92
Jordan,5 Retro White Stealth 2021 (PS),€84
Jordan,9 Retro University Blue,€207
Nike,Air Max 97 UNDFTD Black Militia Green (2020),€108
Nike,Dunk High Ambush Active Fuchsia,€201
Nike,Air Max 90 Surplus Desert Camo,€102
Nike,Air Force 1 Pixel White (W),€86
Jordan,6 Retro Carmine 2021 (TD),€61
adidas,Ultra Boost 1.0 DNA Cookies and Cream,€86
adidas,NMD Hu Pharrell Human Race Triple Black Pack,€168
Nike,Dunk Low Ceramic (2020),€259
Nike,Air VaporMax Plus Triple Red,€149
Jordan,1 Mid 85 (GS),€76
Jordan,ADG 3 Golf White Cement,€147
Jordan,1 Retro High Light Smoke Grey (GS),€210
Jordan,1 Mid SE Union Black Toe,€126
Jordan,1 Low Light Smoke Grey (GS),€184
Nike,Blazer Mid 77 Vintage Racer Blue,€66
Nike,Air Huarache Black Black White,€89
Nike,Air Force 1 Low Rose Pink,€109
Nike,Air Force 1 Low Pixel Sail Coconut Milk (W),€119
Jordan,1 Mid Multi Patent (W),€130
Nike,Air Force 1 Flyknit 2 White Pure Platinum,€91
Nike,Air Force 1 Low Stussy Fossil,€270
Nike,Air Huarache Stussy Desert Oak (2021),€94
Jordan,13 Retro Black Hyper Royal (GS),€128
Jordan,4 Retro Golf White Cement,€215
Nike,React Phantom Run Flyknit 2 White Black,€110
Nike,Air Max 90 Recraft Iron Grey,€65
Jordan,1 Retro High Royal Toe (GS),€219
Jordan,1 Retro High Pine Green Black (GS),€189
Nike,Air Force 1 Low G-Dragon Peaceminusone Para-Noise 2.0,€202
Nike,Vaporwaffle sacai Villain Red Neptune Green,€288
Jordan,1 Mid Dia de los Muertos,€95
Nike,Air Max 95 Gunsmoke Pink Foam,€142
Nike,Air Max 97 UNDFTD Black Volt,€96
Nike,Air Max 270 Black White,€95
Jordan,3 Retro SE Fire Red Denim (2020),€177
Nike,Dunk Low Veneer (2020),€253
Nike,Dunk High Spartan Green,€210
Jordan,1 Mid White Black Light Arctic Pink (GS),€162
Jordan,12 Retro Reverse Flu Game (GS),€120
Nike,Air Max 270 White Black,€97
Jordan,14 Retro Low Clot Terra Blush,€177
Nike,Dunk Low Green Glow (W),€259
Nike,Dunk Low SE Easter (W),€210
Nike,Air Griffey Max 1 White Freshwater (2021),€190
Jordan,1 Mid Laser Blue,€146
Jordan,1 Mid Turf Orange (GS),€105
Nike,Air Max 97 Triple Black,€147
Nike,Air Foamposite Pro Volt (GS) (2014/2021),€163
Jordan,1 Mid SE Particle Beige (W),€139
Nike,Dunk Low Disrupt Sea Glass (W),€130
Nike,Blazer Mid READYMADE White,€190
Nike,Air VaporMax Flyknit 3 Triple Black (W),€133
adidas,Ultra Boost 2021 Triple White,€90
adidas,Ultra Boost 2021 Triple Black,€87
adidas,Yeezy QNTM Sea Teal,€159
Nike,Air Max 97 White Pine Green,€117
Jordan,1 Low White University Red Black,€106
Nike,SB Dunk Low Wasted Youth (Special Box),€525
Yeezy,Slide Bone,€309
Nike,Dunk Low SB Celadon,€242
Jordan,1 Retro High Black Metallic Gold 2020 (GS),€130
Nike,Dunk Low University Red (2020),€331
Nike,Air Max 97 Slime Halloween (2020),€133
Nike,Air Max Plus White,€116
Nike,"Air Max 1 Live Together, Play Together",€101
Nike,SB Dunk Low Supreme Stars Hyper Royal (2021),"€1,195"
Nike,Dunk Low Disrupt Sail Desert Sand (W),€140
adidas,Harden Vol. 5 Futurenatural,€59
Jordan,1 Low SE Take Flight (GS),€91
Nike,Air Max 95 Kim Jones Black Total Orange,€150
Jordan,1 Low White Lucky Green Black,€96
Nike,Air Max 90 PRM Light Smoke Grey,€103
Nike,Air Max 90 St Patricks Day (2021),€117
Nike,Air Max 90 Recraft Royal,€80
New,Balance 992 Nice Kicks Amoeba Music Grey,€295
Nike,Dunk Low Photon Dust (W),€227
Jordan,1 Retro High Zoom Crater,€84
Nike,Air Huarache Stussy Dark Olive (2021),€82
Nike,Dunk Low SP Orange Pearl (TD),€68
adidas,Ultra Boost 4.0 DNA Grey Three,€79
Nike,SB Dunk High Pro Orange Label Smoke Grey,€135
Jordan,1 Low Gym Red White,€105
Jordan,1 Mid Grey Camo,€142
Nike,Dunk High SP Varsity Purple (W),€164
Nike,Air Max 1 Lemonade (2020),€85
Nike,Air Max 270 Triple Black,€105
Jordan,1 Mid Arctic Pink Black (GS),€75
Nike,Air Max 2 CB 94 White Varsity Purple (2021),€134
New,Balance 992 Nice Kicks Amoeba Music Black,€244
Jordan,1 Mid Dia de los Muertos (GS),€91
Nike,SB Dunk Low Wheat (2020),€148
Nike,LeBron 17 What The,€117
Jordan,12 Retro Arctic Punch (TD),€58
Nike,Kobe 4 Protro Undefeated Black Mamba,€169
Nike,Cortez Los Angeles,€105
Jordan,5 Retro Raging Bulls Red 2021 (PS),€143
Nike,Air Rubber Dunk Off-White Green Strike,€324
Jordan,1 Mid Black Racer Blue White (GS),€127
adidas,Ultra Boost 20 Triple Black,€82
Jordan,11 Retro Jubilee (TD),€75
Jordan,1 Mid Oakland,€122
New,Balance 327 Casablanca,€126
Nike,Air Griffey Max 1 White Freshwater (2021) (GS),€109
Jordan,1 Retro High Hyper Royal Smoke Grey (GS),€349
Nike,SB Dunk Low atmos Elephant,€265
Nike,Vaporwaffle sacai Tour Yellow Stadium Green,€251
adidas,NMD R1 Triple Black (2019),€79
New,Balance 327 White Moonbeam (W),€96
Jordan,1 Low University Gold,€88
Nike,Cosmic Unity Space Hippie,€121
adidas,Ultra Boost 2021 Core Black,€90
Nike,LD Waffle Sacai White Nylon,€230
Nike,Air Max 90 Duck Camo Orange,€79
Jordan,5 Retro Low Chinese New Year (2021),€201
Jordan,4 Retro SE Sashiko,€204
Nike,Air Max 1 Recycled White,€90
Nike,Air Max 90 Recycled Canvas,€77
Nike,Air Max 90 White Barely Rose (W),€71
Nike,Air Force 1 Experimental Sail,€141
Jordan,6 Retro Carmine 2021 (PS),€77
adidas,YZY QNTM BSKTBL (Performance Basketball Model),€126
Jordan,1 Mid Laser Orange (W),€90
Jordan,1 Low White (GS),€96
Nike,Vaporwaffle sacai Sport Fuchsia Game Royal,€315
Jordan,1 Retro High Zoom Zen Green,€148
Jordan,12 Low SE Super Bowl LV,€172
adidas,NMD Hu Pharrell Black,€212
Nike,Air VaporMax Flyknit 3 Black Pink Blast (W),€93
Nike,Air Max Plus Wolf Grey,€121
Nike,Air Max 90 Surplus Black,€105
Jordan,1 Mid Triple Black,€97
Jordan,9 Retro Dark Charcoal University Gold (TD),€70
Nike,Air Force 1 '06 Triple White (TD),€51
Nike,Dunk Low SP Orange Pearl (PS),€67
Jordan,MA2 Future Beginnings (W),€154
Nike,Air Max Plus USA White Red,€127
Nike,Kobe 5 Protro Bruce Lee,€159
Crocs,Classic Clog Grateful Dead x Chinatown Market,€64
Nike,Dunk High SP Pure Platinum,€113
